problem_name,best_HV,error,confidence_interval_90,confidence_interval_95,confidence_interval_98,confidence_interval_99
parametric_truss_example,36209.56724591423,0.1,"[1,1,1,1,1,1,1,1,1,1]","[1,1,1,1,1,1,1,1,1,1]","[1,1,1,1,1,1,1,1,1,1]","[1,1,1,1,1,1,1,1,1,1]"
"[35637.38501146008,35925.70515422656,36093.58146359224,36124.07617930021,36157.2167705807,36194.11510830383,36199.95724200958,36203.21321408416,36205.69834143079,36206.70125335824,36207.21324018818,36207.87325672607,36208.18139341327,36208.37483322453,36208.425262201956,36208.34262022073,36208.38944170288,36208.63079333723,36209.466006453615,36209.47609881055,36209.48014599098,36209.56724591423,36209.30687318563,36209.355225017236,36209.37839356849,36209.43508341874,36209.43508341874,36209.43508341874,36209.43508341874,36209.43508341874,36209.43508341874,36209.43508341874,36209.43508341874,36209.43508341874,36209.43508341874,36209.43508341874,36209.43508341874,36209.43508341874,36209.43508341874,36209.43508341874,36209.43508341874,36209.43508341874,36209.43508341874,36209.43508341874,36209.43508341874,36209.43508341874,36209.43508341874,36209.43508341874,36209.43508341874,36209.43508341874,36209.43508341874,36209.43508341874,36209.43508341874,36209.43508341874,36209.43508341874,36209.43508341874,36209.43508341874,36209.43508341874,36209.43508341874,36209.43508341874,36209.43508341874,36209.43508341874,36209.43508341874,36209.43508341874,36209.43508341874,36209.43508341874,36209.43508341874,36209.43508341874,36209.43508341874,36209.43508341874,36209.43508341874,36209.43508341874,36209.43508341874,36209.43508341874,36209.43508341874,36209.43508341874,36209.43508341874,36209.43508341874,36209.43508341874,36209.43508341874,36209.43508341874,36209.43508341874,36209.43508341874,36209.43508341874,36209.43508341874,36209.43508341874,36209.43508341874,36209.43508341874,36209.43508341874,36209.43508341874,36209.43508341874,36209.43508341874,36209.43508341874,36209.43508341874,36209.43508341874,36209.43508341874,36209.43508341874,36209.43508341874,36209.43508341874,36209.43508341874]"
,,,,,,
