problem_name,best_HV,error,confidence_interval_90,confidence_interval_95,confidence_interval_98,confidence_interval_99
parametric_truss_example,36089.58740989322,0.1,"[1,1,1,1,1,1,1,1,1,1]","[1,1,1,1,1,1,1,1,1,1]","[1,1,1,1,1,1,1,1,1,1]","[1,1,1,1,1,1,1,1,1,1]"
"[35565.63668586592,35642.79955402319,35661.36480981394,35731.63073664773,35733.15932296321,35742.438512752706,35742.481805375384,35742.52789025665,35776.95040119955,35779.71960104335,35788.32378362225,35788.32904353149,35817.16696098946,35823.69232500642,35849.53240809083,35849.53597047965,35851.22343516005,35851.52442933056,35854.2434334148,35864.37787436161,35864.3791731507,35864.38034187148,35865.34086883127,35865.3451413028,35883.48245978305,35883.48800824537,35895.88763449789,35906.66392046628,35912.52998382889,35935.86077167485,35955.92618080533,35961.264534949136,35978.6073979476,35980.203537699614,35980.56947112699,35980.573641611445,35985.590983260205,35985.5918641556,35987.08680147155,35998.2944943786,35998.29823550893,36008.056314531714,36017.66825371476,36023.187418596266,36023.192173168994,36030.566924365994,36030.567758136865,36030.57686328548,36040.296942603876,36040.33807961123,36040.34047883145,36040.34735084872,36040.348167470846,36040.35230330865,36040.96296714453,36044.458191805184,36046.866140482,36046.86792429618,36057.927959372464,36060.86796968992,36060.86899384014,36060.869295681885,36067.02822732829,36076.08119510683,36076.38289169724,36076.383547466874,36079.691217086074,36079.69124846201,36079.69272493127,36080.77235036211,36080.774961985546,36081.11181814809,36081.117901550424,36085.495647226635,36087.6892413509,36087.6892413509,36087.6915639958,36087.69185302523,36087.69233731727,36088.88891954407,36088.89019703474,36088.891702648994,36088.89263899676,36088.89286524335,36088.892865823145,36088.89355816207,36088.89401928297,36088.89472776292,36088.899890811736,36088.90081736666,36088.90172041825,36088.90295885792,36088.90295885792,36088.90295885792,36089.58026910754,36089.58034159751,36089.58364214536,36089.58637342528,36089.58740989322,36089.58740989322]"
,,,,,,
