problem_name,best_HV,error,confidence_interval_90,confidence_interval_95,confidence_interval_98,confidence_interval_99
parametric_truss_example,35839.1096511068,0.1,"[1,1,1,1,1,1,1,1,1,1]","[1,1,1,1,1,1,1,1,1,1]","[1,1,1,1,1,1,1,1,1,1]","[1,1,1,1,1,1,1,1,1,1]"
"[35838.21799367974,35838.854858820545,35838.93702354517,35838.95455609812,35838.97453366146,35838.99750301913,35838.99624124154,35839.02430474058,35839.029227875144,35839.030003833,35839.03990644675,35839.038336747544,35839.03695736995,35839.040825845485,35839.03857051091,35839.04731559574,35839.03541705902,35839.04161280386,35839.04247100316,35839.044965581204,35839.050085869356,35839.05259289524,35839.054993997444,35839.060202306726,35839.0609360503,35839.05765273189,35839.05737364138,35839.06286313315,35839.064383654564,35839.06476072415,35839.06775752647,35839.06968380409,35839.07471093736,35839.07774111816,35839.077442432186,35839.081521006956,35839.08368984026,35839.08430844314,35839.08644219981,35839.09541096269,35839.09644268502,35839.09421946574,35839.09490636059,35839.09512452724,35839.09861111729,35839.09520450389,35839.09531795288,35839.095640784384,35839.09558455147,35839.098175220715,35839.10031715355,35839.0992802579,35839.100463743,35839.10470160193,35839.10496171107,35839.10555559394,35839.107396452906,35839.108504637654,35839.109195706464,35839.10960939687,35839.10964721747,35839.1096511068,35839.1096511068,35839.1096511068,35839.1096511068,35839.1096511068,35839.1096511068,35839.1096511068,35839.1096511068,35839.1096511068,35839.1096511068,35839.1096511068,35839.1096511068,35839.1096511068,35839.1096511068,35839.1096511068,35839.1096511068,35839.1096511068,35839.1096511068,35839.1096511068,35839.1096511068,35839.1096511068,35839.1096511068,35839.1096511068,35839.1096511068,35839.1096511068,35839.1096511068,35839.1096511068,35839.1096511068,35839.1096511068,35839.1096511068,35839.1096511068,35839.1096511068,35839.1096511068,35839.1096511068,35839.1096511068,35839.1096511068,35839.1096511068,35839.1096511068,35839.1096511068]"
,,,,,,
