algorithm_name,sampler,solutions
Run_1_#disc_brake_design,NSGAIISampler,"Any[[3.4584963715280437, 1.4066864696976018], [3.131382743036827, 1.4703508640482525], [2.70360056104139, 1.630892946792462], [2.70360056104139, 1.630892946792462], [2.2964542822120864, 1.8380976397194562], [2.2964542822120864, 1.8380976397194562], [2.2330035278942724, 1.9957102635157111], [1.8798511330022727, 2.2310089824543424], [1.75173037461155, 2.3474230022122518], [1.7286027781582305, 2.4581676872777503], [1.6169522358992396, 2.9605033642645906], [1.6169522358992396, 2.9605033642645906], [1.6663431454878168, 2.8465581836633898]]"
