problem_name,best_HV,error,confidence_interval_90,confidence_interval_95,confidence_interval_98,confidence_interval_99
parametric_truss_example,36247.79152756123,0.1,"[1,1,1,1,1,1,1,1,1,1]","[1,1,1,1,1,1,1,1,1,1]","[1,1,1,1,1,1,1,1,1,1]","[1,1,1,1,1,1,1,1,1,1]"
"[35770.28368659684,35883.65319524533,35959.72699870072,35995.474608551245,36037.37439131209,36074.94135722282,36091.305795800945,36114.43585295312,36135.70516616935,36138.6088785416,36143.5981046284,36151.76607622069,36155.82236301038,36160.77283218072,36174.429971822785,36183.979967732506,36185.482879716335,36193.46397242602,36193.75743596545,36194.26374915123,36194.52443962626,36201.38865361799,36209.066753812804,36218.53074565863,36221.45877133113,36225.40598748415,36226.19346377428,36226.65576091033,36230.78184472893,36231.29028265443,36235.852521480585,36239.06463849152,36239.50295733536,36239.719406029326,36239.8076064362,36240.47945088746,36240.64033907579,36240.75665161986,36241.35863883397,36241.896210947925,36243.476126850794,36243.49023209986,36243.79042610993,36244.09599614772,36244.08782614747,36244.11702398809,36244.107101653695,36244.14200519312,36244.192957329506,36244.23331531168,36245.20888087738,36246.086365867,36246.07585770584,36246.270410629826,36246.349911420526,36246.39958879633,36246.50722063048,36247.125535067076,36247.1190027167,36247.3671238782,36247.35440917174,36247.3764547335,36247.38198352255,36247.37700828011,36247.386285469205,36247.38886869677,36247.379609737545,36247.42448659998,36247.634748326105,36247.641548915446,36247.66098350749,36247.68617648693,36247.69437268772,36247.70713329044,36247.69578167382,36247.69815773846,36247.70308585405,36247.71392334392,36247.716255820415,36247.731412749345,36247.732468279064,36247.74537292676,36247.74056099351,36247.750028209804,36247.744791792255,36247.75333089285,36247.75198780236,36247.745498011645,36247.79152756123,36247.77845445382,36247.758624315,36247.76615963806,36247.76564151168,36247.758309149445,36247.77549696399,36247.77358201009,36247.75873162134,36247.76938343508,36247.77238852231,36247.77945771474]"
,,,,,,
