problem_name,best_HV,error,current_instance,confidence_interval_90,confidence_interval_95,confidence_interval_98,confidence_interval_99
parametric_truss_example,36247.67101292269,0.1,0,"[1,1,1,1,1,1,1,1,1,1]","[1,1,1,1,1,1,1,1,1,1]","[1,1,1,1,1,1,1,1,1,1]","[1,1,1,1,1,1,1,1,1,1]"
"[35599.021627277034,35794.164700273985,35891.50269980676,35945.221218343504,36002.36914901032,36019.85306200068,36042.47704721374,36057.73211858568,36089.625874967205,36102.17537007297,36117.914284706,36119.75891904364,36130.131860641115,36135.82060314153,36137.00767542001,36145.21480244569,36159.313411810326,36163.458304318,36175.60966594842,36180.87968933557,36187.94935929236,36196.21017477551,36202.0282302445,36202.358566633004,36203.762078362415,36210.40370672119,36212.7845271523,36214.65767791346,36215.15653215584,36217.73704288415,36217.78101886333,36219.15165361817,36220.719802143525,36223.6888252225,36224.61956661637,36224.61113812915,36224.99392125071,36227.021857241045,36227.074955599426,36227.804165765716,36229.11950866406,36232.66245429407,36233.287111365,36233.88977138273,36235.076325017995,36237.444113983125,36237.59348953945,36238.08599091681,36238.461188624344,36238.71299624334,36239.660210686365,36241.784427251216,36243.360315305916,36243.9405134467,36244.21190722006,36244.927651422855,36244.925783611834,36244.94360417435,36245.3444618914,36246.09317522686,36246.36981563424,36246.3782646645,36246.505741432564,36246.49429163208,36246.46988353059,36246.52323086318,36246.522750277014,36246.509216662584,36246.86612261945,36246.87035723934,36246.84975180472,36246.99836848503,36246.987839018155,36246.998152632914,36247.21218126726,36247.2373862582,36247.25126475899,36247.4633199793,36247.48383744196,36247.54565580697,36247.525985642744,36247.53078487206,36247.55236961965,36247.53070161883,36247.528225348724,36247.58363718397,36247.5995300682,36247.59613546534,36247.60193458429,36247.599078058665,36247.600865903805,36247.60405790231,36247.58584170949,36247.59324782857,36247.61840854256,36247.618818595925,36247.61614021137,36247.67101292269,36247.64458755972,36247.65283380395]"
,,,,,,,
