algorithm_name,sampler,solutions
Run_1_#vibrating_platform,NSGAIISampler,"Any[[-0.032732848061017804, 221.1657940822581], [-0.04034967520767597, 225.31587236347823], [-0.044033367291655155, 229.65018382605567], [-0.039134038109548436, 223.22193889975807], [-0.04373450703091085, 226.92556392157832], [-0.04393828389001737, 228.83816779231623], [-0.03654870447000742, 222.34096012495377], [-0.0397826143641728, 224.58909088938245], [-0.039754320230277515, 224.56051320425314], [-0.043974641185986145, 229.28084928552602], [-0.03407514751460991, 222.25253560522748], [-0.044125749112393975, 232.7955301750951], [-0.04462218192270233, 233.45883533655737], [-0.034001993106096515, 221.47246741249984], [-0.03670302221239599, 222.9522934970184], [-0.04122044543335307, 226.76132644878007], [-0.03243002970951683, 217.49848507211652], [-0.04065360310849433, 225.85383312058676], [-0.0416013199255173, 226.87088230751147]]"
