algorithm_name,sampler,solutions
Run_1_#weldan_beam_design,NSGAIISampler,"Any[[24.82816501624431, 0.0008218311637081901], [2.9134407108301654, 0.019931559722897514], [2.9134407108301654, 0.019931559722897514], [3.6654005432327805, 0.013196612972844024], [3.6654005432327805, 0.013196612972844024], [3.2214016103547864, 0.013347068371933182], [3.740332407482162, 0.011121962804356482], [2.958065685962458, 0.015060496603019629], [3.2214016103547864, 0.013347068371933182], [2.958065685962458, 0.015060496603019629]]"
